"Datum";"Ab_Fatigue";"Ab_Schmerz";"Ab_Brainfog";"Ab_Schlaf";"Ab_PEM_heute";"Ab_Aktivitaet";"Ab_Trigger";"Ab_Notiz";"Mo_rMSSD";"Mo_HFV";"Mo_Puls";"Mo_Atemfreq";"Mo_Sym_Aufwachen";"Mo_PEM_bestaetigt";"Mo_Notiz";"PEM_Score"
"So., 10.05.2026";"7";"6";"7";"7";"Nein";"Bettruhe";"";"Etwas weniger schlimm";"16";"low";"77";"17";"8";"Ja";"";""
"Mo., 11.05.2026";"5";"4";"5";"6";"Nein";"Sehr wenig";"";"";"21";"unbalanced";"71";"15";"6";"Nein";"";""
"Di., 12.05.2026";"4";"3";"4";"5";"Nein";"Sehr wenig";"";"";"27";"balanced";"67";"14";"4";"Nein";"";""
"Mi., 13.05.2026";"3";"2";"3";"4";"Nein";"Leicht";"";"Endlich etwas besser";"37";"balanced";"62";"14";"3";"Nein";"";""
"Do., 14.05.2026";"3";"2";"3";"4";"Nein";"Leicht";"Körperl. Aktivität";"Kurzer Spaziergang, Sonne genossen";"42";"balanced";"60";"13";"2";"Nein";"";""
"Fr., 15.05.2026";"5";"4";"5";"5";"Nein";"Moderat";"Sozialer Kontakt,Körperl. Aktivität";"Enkel zu Besuch, viel gelaufen";"38";"balanced";"63";"14";"3";"Nein";"";""
"Sa., 16.05.2026";"6";"5";"6";"6";"Nein";"Sehr wenig";"";"Merke die Erschöpfung vom Besuch";"22";"unbalanced";"71";"16";"6";"Nein";"Unruhige Nacht";""
"So., 17.05.2026";"9";"7";"9";"8";"Ja";"Bettruhe";"";"PEM nach Besuch der Enkel";"15";"low";"78";"17";"8";"Ja";"Sehr schwer aufzustehen";""
"Mo., 18.05.2026";"9";"9";"9";"8";"Ja";"Bettruhe";"";"Schlimmster Tag dieser Woche";"13";"low";"83";"18";"9";"Ja";"";""
"Di., 19.05.2026";"8";"7";"8";"7";"Ja";"Bettruhe";"";"";"15";"low";"78";"17";"8";"Ja";"";""
"Mi., 20.05.2026";"6";"5";"6";"6";"Nein";"Sehr wenig";"";"Etwas ruhiger";"19";"unbalanced";"73";"16";"7";"Nein";"";""
"Do., 21.05.2026";"5";"4";"5";"6";"Nein";"Sehr wenig";"";"";"23";"unbalanced";"70";"15";"5";"Nein";"";""
"Fr., 22.05.2026";"4";"3";"4";"5";"Nein";"Sehr wenig";"";"";"29";"balanced";"66";"14";"4";"Nein";"Erste etwas bessere Nacht";""
"Sa., 23.05.2026";"3";"2";"3";"4";"Nein";"Sehr wenig";"";"Vorsichtig, will nicht zu viel riskieren";"32";"balanced";"65";"14";"3";"Nein";"";""